H·ªç,H?,TÍn file,TÍn s?n ph?m,Gi·
Armadillidium,Armadillidium,Badium.jpg,BADIUM,120.000?
Armadillidium,Armadillidium,Corfu.jpg,CORFU,50.000?
Armadillidium,Armadillidium,Gestroid.jpg,GESTROI,100.000?
Armadillidium,Armadillidium,Granulatum.jpg,GRANULATUM,80.000?
Armadillidium,Armadillidium,magic potion.jpg,MAGIC POTION,100.000?
Armadillidium,Armadillidium,Orange Kluggi.jpg,ORANGE KLUGGI,140.000?
Armadillidium,Armadillidium,orange virgo.jpg,ORANGE VULGARE,200.000?
Armadillidium,Armadillidium,peraccea.jpg,PERACCAE,60.000?
Armadillidium,Armadillidium,Sicily.jpg,SICILY,200.000?
Armadillidium,Armadillidium,Zebra.jpg,ZEBRA,150.000?
Cubaris,Cubaris SP.,Amber Ducky.jpg,AMBER DUCKY,220.000?
Cubaris,Cubaris SP.,Cappuchino.jpg,CAPPUCCINO,200.000?
Cubaris,Cubaris SP.,Caramel Cream.jpg,CARAMEL CREAM,350.000?
Cubaris,Cubaris SP.,Darkmill.jpg,DARK MILL,50.000?
Cubaris,Cubaris SP.,Glacier.jpg,GLACIER,50.000?
Cubaris,Cubaris SP.,Jupiter.jpg,JUPITER,500.000?
Cubaris,Cubaris SP.,lemon.jpg,LEMON BLUE,550.000?
Cubaris,Cubaris SP.,Little Sea.jpg,LITTLE SEA,30.000?
Cubaris,Cubaris SP.,Marblelize.jpg,MARBLELIZE,200.000?
Cubaris,Cubaris SP.,Murina Orange.jpg,MURINA ORANGE,40.000?
Cubaris,Cubaris SP.,Panda King.jpg,PANDA KING,130.000?
Cubaris,Cubaris SP.,papaya.jpg,PAPAYA,50.000?
Cubaris,Cubaris SP.,Red Packchong.jpg,RED PAK CHONG,110.000?
Cubaris,Cubaris SP.,Red Panda.jpg,RED PANDA,300.000?
Cubaris,Cubaris SP.,thai angle blue.png,THAI ANGLE BLUE,180.000?
Cubaris,Cubaris SP.,whiteside.jpg,WHITE SIDE,120.000?
Porcellio,Porcellio Laevis,Dairy cow.jpg,DAIRY COW,30.000?
Porcellio,Porcellio,Haasi.jpg,HAASI,400.000?
Porcellio,Porcellio Laevis,Leavis Orange.jpg,ORANGE(POWSER),30.000?
Porcellio,Porcellio,Sevilla.jpg,SEVILLA/TITAN,80.000?
Porcellio,Porcellio Baeticensis,Violet.jpg,VIOLET,350.000?
Porcellio,Porcellio Laevis,white laevis.jpg,WHITE,50.000?
Troglodillo,Troglodillo,,SOIL,290.000?
Troglodillo,Troglodillo,Vex.jpg,VEX,290.000?
Phu Kien,,binhxit.jpg,BÃNH X?T,15.000?
Phu Kien,,camchim.jpg,TH?C ?N CHUY N D?NG,10.000?
Phu Kien,,golon.jpg,V? G? S?I(L),50.000?
Phu Kien,,gonho.jpg,V? G? S?I(S),15.000?
Phu Kien,,chenanvit.jpg,CH…N ?N,15.000?
Phu Kien,,combo.jpg,COMBO H?P NU‘I,70.000?
Phu Kien,,dat.jpg,??T CHUY N D?NG,45.000?
Phu Kien,,don.jpg,D?N,10.000?
Phu Kien,,hop.jpg,H?P NU‘I,30.000?
Phu Kien,,la.jpg,L¡ KH‘,10.000?
Phu Kien,,mongbo.jpg,L¡ M”NG B“ ?,10.000?
Phu Kien,,mongbo.jpg,L¡ M”NG B“ KH‘,5.000?
Phu Kien,,nangmuc.jpg,NANG M?C,20.000?
